id,tcu_loc,first_ed_pages,source_journal,source_date_article,source_pages,source_item,dependent_words_es,dependent_words_num,label,acknowledged,novelty,first_ed_checked,status,case_file,tier
C001,II.14 Parad. VI nn.21-23,1728 pp.248-250,MdT,Feb 1716 art. XXIV,pp.321-348 (325; 329-332),Parent memoir pt 2 (sunspots),~128 strict (~78 + 3 verse lines; ~50) (first judge ~230),128,T (lightly edited translation-paraphrase),no,known (Mañer 1729/1731; Soto Marne 1749); new: shared error + timing,yes (image),confirmed-with-caveats,cases/C001.md,A
C002,II.14 Parad. X nn.39-42,1728 pp.257-259,MdT,Mar 1707 art. XXXIV,pp.478-486,Relation of Académie assembly 13 Nov 1706 (Lemery fils),~180 strict (Trévoux-feature sentences); whole block ~460 (~45 lines),180,P with T stretch (Lemery fils 1706 via Trévoux; memoir possibly alongside),partial (names the relation not Trévoux),partly (Soto Marne 1749; Delpy 1936); new: Trévoux vehicle,yes (image),confirmed-with-caveats,cases/C002.md,A
C003,I.16 n.122,1726 pp.361-362,MdT,Dec 1704 art. CLXXXIX,pp.2118-2125,Éloge of the Abbess of Fontevrault,~54 strict Trévoux-only (~144 dependent incl. Moréri-shared; ~16 lines),54,P,no,No prior identification located in the bibliography consulted; provisional.,yes (image),confirmed-with-caveats,cases/C003.md,A
C004,II.2 nn.73-74,1728 p.53,MdT,Jul 1715 art. XCVII,pp.1163-1164,Review of Lettres édifiantes XI (Taillandier quoted),~127 strict (~13 lines; each anecdote >35),127,P near-T,adjacent (n.63 cites art. 97),known (Mañer 1729/1731),yes (image),confirmed-with-caveats,cases/C004.md,A
C005,I.5 nn.15-17,1726 pp.111-112,MdT,Nov 1710 art. CLX,pp.1949-1956,Review of Barchusen Historia medicinae,~120 strict Trévoux-only (~200-220 dependent; was ~280),120,P locally T,no at passage (conduit disclosed 1727 Respuesta a Dorado),partly,yes (image),confirmed-with-caveats,cases/C005.md,A
C006,III.10 food-customs para; I.6 n.10,III 1729 p.217 n.10 (III/142.jpg); I 1726 p.147,MdT,Apr 1702 (unnumbered art.),pp.71-92 (79; 83-84),Review of Lémery Traité des aliments,~79 (III.10); ~65 (I.6),79,S,I.6 names Lémery; III.10 no,partly (I.6) / no (III.10),yes (image; III.10 checked on III/142.jpg),rejected (common source),,rejected
C007,I.16 nn.142+145,1726 p.372,MdT,Apr 1706 art. XXXVIII,p.549,Review of Monier Histoire des arts,24 strict (n.145; ~3.2 lines); ~84 on liberal reading,24,P,no,No prior identification located in the bibliography consulted; provisional.,yes (image),"dependent, below threshold (strict count)",,"B (one row with C021, same paragraph)"
C008,III.7 nn.26-27,1729 pp.137-138,MdT,May 1705 art. LXXXV (+ Mar 1713 art. XLV),pp.894-898 (+510-516),Le Clerc Quelques observations sur la vision (+ review of Système de la vision),~15 calque words (~120 content),15,P weak (first S),no,known (Mañer 1731),yes (image),rejected,,rejected
C009,I.14 n.2,1726 p.274,MdT,Apr 1716 art. XXXVII,pp.597-598,Review of Bonnet Histoire de la musique,37-51 strict (was ~75),44,P (moderate),no,No prior identification located in the bibliography consulted; provisional.,yes (image),confirmed-with-caveats,cases/C009.md,A
C010,I.12 n.5,1726 p.234,MdT,Jul 1702 art. V + Sep-Oct 1701,p.78 + p.299,Temple Miscellanea review + Molyneux giants extract,43 strict contiguous (~4.25 lines); ~94 in n.5 (13.5 lines),43,P with sentence-level T,names Temple; Trévoux cited 10 pp later for same extract,No prior identification located in the bibliography consulted; provisional.,yes (image),confirmed-with-caveats,cases/C010.md,A
C011,II.15 nn.15-17,1728 pp.276-277,JdS,1682 (Amst. 1683 t. X) 2 Feb issue,pp.45-46,Review of Cleyer Medicina Chinensium,~59 + ~44 core (~11 + 5 lines),103,P,yes (n.16 cites JdS),Feijoo's own citation; 'Ausburg' fingerprint new,yes (image),confirmed: translated-and-credited,,D
C012,III.6 nn.3-5,1729 pp.98-99,MdT,May-Jun 1701 (no art. no.),pp.57-62 (60-62),Review of Commanville Nouvelle vie des saints,~48-51 strict (one sentence; ~5.5 lines); was ~85-90,50,P with one T sentence,names Commanville not Trévoux,No prior identification located in the bibliography consulted; provisional.,yes (image),confirmed-with-caveats (threshold),cases/C012.md,A (threshold)
C013,III.10 n.28,1729 p.224,MdT,Jan 1704 art. XIII (best candidate),pp.176-177,Nouvelles littéraires de Suède (Rudbeck Atlantica),<=10,10,S,no,Mañer 1731 source charge; check new,yes (image),rejected,,rejected
C014,III.5 nn.1-17,1729 pp.83-96,MdT,Jan 1702 art. I,pp.3-16,Extract of Le Brun Histoire critique des pratiques superstitieuses,~0 (<=10 topical),0,S/N,names Le Brun and Bayle,Mañer made no charge; check new,n.1 (image),rejected,,rejected
C015,II.14 Parad. I n.3 + VII nn.24-25,1728 pp.239; 250-251,MdT,Nov 1716 art. CLIII,pp.1085-1095,Reprint of Villette Description du grand miroir ardent (Liège 1715),~175-190 strict (n.3 ~117),182,T,yes ('copiada en las memorias de Trevoux del año de 1716'),source public; translation new,yes (image),confirmed: translated-and-credited,,D
C016,I.16 n.76,1726 p.342,MdT,Apr 1702 (review),pp.104-113,Review of Bellegarde Lettres curieuses de littérature et de morale,~25 (one acknowledged sentence),25,P (acknowledged),yes ('le citan ... los de las Memorias de Trevoux en el mes de Abril de el año de 1702'),Feijoo's own citation (1726); correction of Delpy new,yes (image),rejected,,rejected
C017,III.2 n.18,1729 p.25,MdT,Feb 1718 art. XXIV,pp.328-336 (333-336),Review of the Hamburg 1717 volume (Leonardi Speculum lapidum + d'Arleu Sympathia septem metallorum + Albinius Magia astrologica),~82 strict Trévoux-only (rings sentence 33 + Saturn example 49); whole n.18 ~138-150 (seven-pairs list also in d'Arleu 1610 woodcut),82,"P, locally near-T (rings sentence + Saturn example)",no (credited to 'Camilo Leonardo'; his book lacks it),No prior identification located in the bibliography consulted; provisional.,yes (image),confirmed-with-caveats,cases/C017.md,A
C018,I.5 n.50 + I.6 n.13,1726 pp.129-130; 149,MdT,Sep 1706 art. CXXVIII,pp.1555-1569 (1557-1558),Review of Duncan Avis salutaire contre l'abus des choses chaudes (Rotterdam 1705),~0-1 strict Trévoux-only (only 'judicieusement'→'discretamente'); all items in Duncan's book,0,"S (common source: the reviewed book, quoted by Trévoux)","names Duncan, not Trévoux",book-level source in Delpy 1936; Trévoux route new but not counted,yes (image),rejected (common source),,rejected
C019,II.4 nn.34-35,1728 pp.92-93,MdT,Sep 1716 art. CXVII,pp.1743-1749 (1746; 1748),Review of [Le Roux] La Clef de Nostradamus (Paris 1710),~5 strict Trévoux-only (max ~22; 'el año de diez y seis' = Trévoux's date); both paradoxes in Le Roux 1710,5,P (dependent; book at least as close),no,No prior identification located in the bibliography consulted; provisional.,yes (image),"dependent, below threshold (strict count)",,C
C020,I.12 n.23,1726 p.243,MdT,"Sep-Oct 1701 (Molyneux extract, same article as C010)",pp.289-305 (290-291),Extract of Molyneux Dissertation sur les Géants (Phil. Trans. Feb 1700 O.S.): London whale fin taken for a giant's hand,54 fair strict (one stretch ~5.5 lines; floor 42; fin narrative alone 34); whole block 83,54,"P, fin sentence near-T","no (cites 'Transacciones Philosoficas de Inglaterra ... 1701', not Trévoux; Trévoux named at n.28 for another point)",No prior identification located in the bibliography consulted; provisional.,yes (image),confirmed-with-caveats,cases/C020.md,A
C021,I.16 n.145 (second half),1726 pp.372-373,MdT,Mar 1713 art. XXXV,pp.431-440 (437-440),Extract of Fermel'huis Éloge funèbre de Madame Le Hay (É.-S. Chéron),"0 strict Trévoux-only (<=5); ~150 dependent on the Trévoux text family, copied nearly verbatim in Moréri Suppl. 1716 t. I p. 461",0,P vs text family; S for the dare (Moréri 1716 copy),no,—,yes (image),rejected (common source: Moréri 1716 copies Trévoux; C007 stays below threshold),,B (merged into the C007 row; rejected on its own)
C022,I.16 n.131,1726 pp.364-365,MdT,Oct 1713 art. CXLVII,pp.1791-1793,Review of Gryphius Vitae selectae (Breslau 1711; reprints Bacchini's Vita of E. L. Cornaro Piscopia),"11 strict Trévoux-only (23 generous, one sentence); paragraph ~440 w = Moréri 1716 backbone + Vitae (Deza 1686, Bacchini 1688) + Leti (named)",11,P (Trévoux thread only; the paragraph is a compilation),no (Leti named for the epithets; Trévoux cited at n.76 for another point),not assessed (does not count),yes (image),"dependent, below threshold (strict count)",,C
C023,I.5 §VI n.33,1726 pp.120-121,MdT,Oct 1716 art. CXXIX,pp.1913-1920 (1920),Review of Ephemerides Acad. Naturae Curiosorum Cent. III-IV (Nuremberg 1715): Vallisnieri Obs. 86,33 strict (the 'otro hombre' sentence; ~3.3 lines); ~91 on the pre-registered count (nun 35 + purpose clause 23 + man 33); shared error: Hippocrates' Oeniadae patient given as Vallisnieri's,33,P (shared selection + suppressed Hippocrates attribution + French-specific renderings),"names the Ephemerides and Vallisnieri, not Trévoux",not assessed (does not count; closest miss),yes (image),"dependent, below threshold (strict count)",,B
C024,I.16 n.123,1726 pp.362-363,MdT,Jul 1708 art. XCII,pp.1174-1176,Relation of the Académie des Inscriptions assembly of 17 Apr 1708 (Boivin on Homer vs Virgil),"~17 strict (Greek/Latin proposition; max ~30); Velleius clause follows Mme Dacier's 1711 Iliade preface, not Trévoux's garbled paraphrase",17,S for the dare (weak P for one proposition),no,—,yes (image),"dependent, below threshold (strict count) (case file: S for the dare)",,C
C025,II.14 Parad. VII n.25,1728 pp.250-251,MdT,Aug 1726 Nouvelles littéraires,pp.1557-1562 (1559),Le Maire's objections to Newton's reflecting telescope,"0 strict (two-cause commonplace: pores absorb, unevenness deflects; heat framing is Feijoo's own from Nov 1716 premise); C015 unchanged",0,S (shared commonplace),n.24 credits Villette/Trévoux 1716 (not this 1726 notice),—,yes (image),rejected (commonplace),,rejected
C026,III.6 nn.9-11,1729 pp.101-102,MdT,Feb 1714 art. XXIV,pp.313-317 (315-317),Review of [Drouet de Maupertuy] De la vénération rendue aux reliques des saints (Avignon 1713): the dog saint Ganelon,"61 strict (one stretch, p. 101); ~250 dependent of 427",61,P (sentence-level T at the start of n. 10; credited close retelling),yes ('que se halla en las Memorias de Trevoux (año 1714. tom. 1. art. 24.)'),known (Feijoo's own citation; Le Grand d'Aussy 1779; Delpy 1936 p. 52),yes (image),confirmed: translated-and-credited,,D
C027,II.14 Parad. V nn.16-17,1728 pp.246-247,MdT,Mar 1715 art. XXXIX,pp.452-455,"Review of Histoire de l'Académie Royale des Sciences, année 1711 (Paris 1714): Réaumur on the strength of cords","~25 strict Trévoux-only (15 + 10, two places; 41 before the third review); ~191 dependent; Réaumur's memoir shares nearly all figures ('17 lb' vs 17½, 6½ lb vs 8 lb 2 oz follow Trévoux)",25,P (experiment sentences near-T),"no (names Réaumur, the Académie and 'la Historia de la Academia', not Trévoux)",partly (Mañer 1729: experiments in HARS); new: Trévoux vehicle,yes (image),"dependent, below threshold (strict count)",,B
C028,I.5 nn.9-10,1726 pp.108-109,MdT,Aug 1714 art. CIX + Jan 1717 art. XI,p.1471; pp.94-95,"Extracts of Le François, Réflexions critiques sur la médecine (1714) and Projet de réformation de la médecine (1716)",~2 strict ('poquissimos' < 'très-peu'; 'incertidumbres'); 168 dependent (pre-registered reading); Le François's books carry the same sentences,2,T (announced translation of the author),no for Trévoux (names Le François and says he translates him),partly (Feijoo; Delpy 1936); new: Trévoux as probable intermediary,yes (image),"dependent, below threshold (strict count)",,B (weak end)
C029,III.2 n.26,1729 pp.28-29,MdT,Apr 1723 (AVIS after the table),unpaginated (IA n190-192),Woolhouse's own advertisement printed in Trévoux: 'trois cens différens maux d'yeux',18 strict (~38 generous); the 300 figure is in no other source found; Mercure 1723 unchecked,18,P (short),no,not assessed,yes (image),"dependent, below threshold (strict count)",,C
C030,II Respuesta a Martínez n.58,1728 p.350,MdT,May 1711 art. LXXVIII,p.892,"Review of Carsughi, Ars bene scribendi (Rome 1709): verse 'Si nimis attenuas ferrum' + the reviewers' défaut/beautés gloss","5 strict ('no quitaban defectos, sino perfecciones'); ~14 with the 9-word Latin verse, which Carsughi 1709 p. 32 also supplies",5,P (short),no,—,yes (image),rejected (on length; below tier C),,below C
V2-R003,II Respuesta a Martínez n.41,1728 pp.343-344,MdT,May 1709 art. LXX,first sentences,(pamphlet on secret remedies per report),~62,62,T,yes (cites '1709 Mai. art. 70'),—,first judge only,translated-and-credited (no case file),,D
C031,I.12 n.35,1726 p.249,MdT,Feb 1710 art. XXIII,pp.286-287,"Review of Hecquet: six verses of Vanière (Praedium rusticum) printed as ""beaux vers de Columella""; Hecquet credits Vanière correctly","~3 strict (13-word Spanish frame; the 6 Latin lines are subtracted, Vanière/Hecquet print them)",3,P (short),no (credit to Trévoux added after the 1st ed.),known (notes/00),yes (image),rejected (on length; below tier C; shared error Columella),,below C
C032,II.14 Parad. I nn.4-5,1728 p.240,MdT,Jul 1709 art. XC,pp.1163-1164,"Review of HARS 1707 (Homberg, gold vitrified at the Palais-Royal burning glass)","0 strict; HARS 1707 (Fontenelle + Homberg) and HARS 1702 supply every clause ('y la tierra', 'se rindió')",0,S (common source),no,—,yes (image),rejected,,rejected
C033,I.6 n.11,1726 p.148,MdT,Feb 1710 art. XXIII,pp.~280-287,"Review of Hecquet, Traité des dispenses du Carême (1709): trituration",0 strict; Trévoux copies Hecquet nearly verbatim; Feijoo has Hecquet-only fish,0,S (common source),no,—,yes (image),rejected,,rejected
C034,I.5 §III nn.18-21,1726 pp.113-114,MdT,Nov 1710 art. CLX,pp.1957-1959,End of the Barchusen review: modern medical sects (names only),0 strict (loose ~30); Barchusen dial. XVI-XVII give every item,0,S,no,—,yes (image),rejected,,rejected
C035,I.5 §II n.9,1726 p.108,MdT,Aug 1714 art. CIX,p.1471,"Extract of Le François, Réflexions critiques sur la médecine (same passage as C028)","~1 strict (""poquissimos""); 106 dependent (duplicate of C028)",1,T,"names Le François, not Trévoux",,yes (image),duplicate of C028,,duplicate
C036,III.6 §V n.16,1729 p.106,MdT,Jan 1718 art. VI,pp.135-136,"Extract of Daubenton, Vie du B. Jean-François Regis (Paris 1716): one miracle approved out of ~100",0 strict; 41 dependent on Daubenton (Trévoux quotes him verbatim),0,S (common source: the book Feijoo names),"names Daubenton, book, Paris 1716; not Trévoux",—,yes (image),rejected (common source),,rejected
C037,III.2 n.26,1729 pp.28-29,MdT,Apr 1723 (AVIS),unpaginated (IA n190-192),Woolhouse's own advertisement printed in Trévoux: 'trois cens différens maux d'yeux',18 strict (duplicate of C029),18,P (short),"names Woolhouse, not Trévoux",not assessed,yes (image),duplicate of C029,,duplicate
C038,II.6 n.6,1728 p.141,MdT,"Feb 1702, art. I (no art. no.)",pp.3-11 (10-11),"Relation of the public assembly of the Académie des Inscriptions, 15 Nov 1701: Henrion on empresses' coiffures on medals","38 strict (one sentence of 46, 5 lines + 1 word; floor 30 if the Henrion/Academy attribution is treated as framing; was 41 before the second third review)",38,T,"no (names Henrion and the Academia Real de las Inscripciones, not Trévoux)",No prior identification located in the bibliography consulted; provisional.,yes (image),confirmed-with-caveats (threshold),cases/C038.md,A (threshold)
O153,III.2 §XI nn.36-41,1729 pp.35-40,Bayle 1702,"Dictionaire 2nd ed. t. I, art. BORRI","pp.653-656 (rem. C, E, F, I)",The Cavaliere Borri (outside the Trévoux dare),~80 strictly Bayle-only (rem. F 57 + rem. C 18 + rem. E 4; up to ~140 with the joke); ~800 dependent on the Bayle text family (Moréri Suppl. 1716 reprints the body),80,P,no,not assessed,yes (image),confirmed-with-caveats (outside the dare),,outside dare
O234,III.5 nn.17-18,1729 pp.88-91,Bayle 1702,"Additions, ABARIS rem. G (Buissière letter of 25 Jul 1698)",Additions p. ii,Aymar's divining rod (outside the Trévoux dare; see C014),~135 Bayle-only (Buissière letter via Bayle + ~20 Bayle); 160 first pass,135,P,"yes (n.13 names Bayle, Dictionary, verbo Abaris, and Buissière's letter)",not assessed,yes (image),"confirmed-with-caveats, credited (outside the dare)",,outside dare
O469,II.4 §VI nn.37-43,1728 pp.94-98,Moréri Suppl. 1716,"Supplément t. II, art. MALACHIE (table)",pp.152-155,St Malachy mottoes (outside the Trévoux dare),"~10 strictly Moréri-only (Gregory XIV = Orvieto), 35-42 at most; ~450-500 dependent on the Moréri/Ménestrier/Coulon family",10,P (glosses T-grade),"partial (same page: ""en el Diccionario de Moreri se hallan explicadas todas"")",not assessed,yes (image),confirmed-with-caveats (outside the dare),,outside dare
O471,II.4 §II nn.9-11,1728 pp.81-82,Moréri 1717,"10th ed. t. II, two arts. DELPHES",pp.333-334,"Delphi: tripod, Echecrates, Augustus oracle (outside the Trévoux dare)",~80 strictly Moréri-only (longest ~45); ~320 dependent on the Moréri/Van Dale/Diodorus family,80,P,no,not assessed,yes (image),confirmed-with-caveats (outside the dare),,outside dare
O475,II.4 §I nn.3-5,1728 pp.78-79,Moréri 1717 + Suppl. 1716,"10th ed. t. IV, two arts. SIBYLLES; Suppl. t. II Observation",p.386,The Sibyls (outside the Trévoux dare),~60 strictly Moréri-only (longest ~20); ~330 dependent on the Moréri/Du Pin family,60,P,"no (Vossius named, as in Moréri)",not assessed,yes (image),confirmed-with-caveats (outside the dare),,outside dare
D2-C001,V.17 §II nn.8-9,1733 pp.371-372,MdT,Sep 1730 art. XC (Nouvelles littéraires),pp.1693-1696,Zaragoza letter accusing Feijoo (second dare),~310 strict (197 in n.8); ~385 total,310,T,"yes (""traducido literalmente"")",n/a (the accusation itself),yes (image),confirmed-with-caveats (credited; second dare),,D
D2-C002,V.5 §VII (Suplemento addition),absent from 1733 (p.112); Suplemento 1740 pp.178-180,MdT,Mar 1730 art. XXII,pp.419-422,Deslandes: dying at ebb tide (second dare),0 for the dare (~165 in the 1740 addition),0,T,yes,not assessed,"yes (image, absent)",rejected (post-first-edition addition; second dare),,rejected
D2-C003,V.17 §VIII n.31,1733 pp.381-382,MdT,Nov 1728 art. CXVIII (Nouvelles littéraires),p.2140,Trévoux's notice of the Teatro (second dare),~77,77,T,yes (italics),n/a,yes (image),confirmed-with-caveats (credited; second dare),,D
D2-C004,IV.12 §XXI n.55,1730 (~p.335; unchecked),MdT,May-Jun 1701,pp.181-184,Clark to Ludlow: Roman porcelain at Devizes (second dare),24,24,T,yes (volume and month),not assessed,no,rejected (credited one-sentence quotation; second dare),,rejected
D2-C005,IV.12 §XVIII n.47,1730 p.303,MdT,Oct 1712 art. CXXXVII,pp.1725-1726,"Pater, De Germaniae miraculo: invention of printing (second dare)",~14 strict (generous ~22; wide 114),14,T,no (names Trithemius),not assessed,yes (image),confirmed-with-caveats (fell from A in third review; second dare),,C
D2-C006,V.8 §IV nn.9-13,1733 pp.162-164,MdT,Feb 1703 art. XIV,pp.206-210,Tournemine: Prometheus as Lucifer (second dare),~28-30 longest stretch; ~130 in five blocks,30,P,partial (names Tournemine),not assessed,yes (image),confirmed-with-caveats (below threshold; second dare),,C
D2-C007,IV.8 §XXXIX n.85,1730 pp.210-211,MdT,May 1716 art. LVI,pp.849-850,Stuvenius review: Behaim discoverer of America (second dare),~98 strict (115 in the stretch; floor 39),98,P (locally T),"no (names Stuvenius, not Trévoux)",No prior identification located in the bibliography consulted; provisional.,yes (image),confirmed-with-caveats (survived two adversarial reviews; second dare),cases/D2-C007.md,A
D2-C008,V.11 §XIV nn.65-66,1733 pp.275-276,MdT,Jun 1724 art. LII,pp.1086-1088,"La Coste: Massey and Job, buying smallpox in Wales (second dare)",~17-24 per stretch,24,P,"yes (""Esto es lo que he leído en las Memorias de Trevoux"")",not assessed,yes (image),confirmed-with-caveats (credited; overlaps D2-C015; second dare),,D
D2-C009,IV.12 §XII nn.29-34,1730 pp.294-296,MdT,Apr 1726 art. XXXV,pp.698-729,"Châteauneuf, Dialogue sur la musique des anciens (second dare)",0,0,S,names the book,not assessed,yes (image),rejected (common source; second dare),,rejected
D2-C010,IV.12 §VI nn.20-21,1730 pp.290-291,MdT,Dec 1704 art. CLXXXIII,pp.2053-2063,Pasch: blood circulation and pulse in China (second dare),~20-25 per stretch,25,P,yes,not assessed,yes (image),confirmed-with-caveats (credited; second dare),,D
D2-C011,V.4 §VI n.23,1733 pp.82-83,MdT,Apr 1727 art. XL,pp.737-740,"Catrou & Rouillé: Caudine Forks, Herennius (second dare)",30 strict (floor ~20); ~300 blended,30,P (one sentence T),no,not assessed,yes (image),"confirmed-with-caveats (dependent, below threshold; second dare)",,B
D2-C012,IV.9 §IV n.21,1730 pp.233-234,MdT,Dec 1726 art. CVIII,pp.2258-2260,Saint-André: Marie Bucaille (second dare),~53,53,P,yes (nn.15-16),not assessed,yes (image),confirmed-with-caveats (credited; second dare),,D
D2-C013,V.15 §VIII n.18,1733 p.329,MdT,Mar 1731 art. XXIV,p.450,Picart review: Tartary-California land bridge (second dare),~12-15 strict (33 dependent),15,P,yes,not assessed,yes (image),confirmed-with-caveats (credited; second dare),,D
D2-C014,V.5 §§VII-VIII,1733 p.112,MdT,Mar 1729 Nouvelles littéraires (De Brest),pp.542-551,Deslandes: night tides at Brest (second dare),0,0,N,n/a,not assessed,yes (image),rejected (noise; second dare),,rejected
D2-C015,V.11 §XIV nn.60-66,1733 pp.273-276,MdT,Jun 1724 art. LII,pp.1073-1090,La Coste: smallpox inoculation (second dare),~110 in one stretch,110,P (near-T),"yes (""Memorias de Trevoux de los años 24, y 25"")",not assessed,yes (image),confirmed-with-caveats (credited; second dare),,D
D2-C016,IV.9 §IV nn.15-21,1730 pp.231-233,MdT,Dec 1726 art. CVIII,pp.2253-2254,Saint-André: sabbat of Basse-Normandie (second dare),~95 in n.17,95,P (n.17 near-T),"yes (""del extracto que he visto"")",not assessed,yes (image),confirmed-with-caveats (credited; second dare),,D
D2-C017,V.15 §VIII n.18,1733 p.329,MdT,Jul 1704 Nouvelles littéraires (De Madrit),pp.1238-1239,Alcázar: California a peninsula (second dare),0,0,N,n/a,not assessed,yes (image),rejected (noise; second dare),,rejected
